Stock,Model,Window,Seed,MAE,MSE,RMSE,MAPE,R2,Epochs Run,Test Points
Reliance,LSTM,1,16,18.02349516633269,583.8823115167077,24.16365683245621,1.4457837793786683,0.9727825496657305,21,616
Reliance,LSTM,1,17,21.084528737253958,744.2121989533862,27.280252912196143,1.651518333504712,0.9653088333665137,37,616
Reliance,LSTM,1,18,32.790826376382405,1824.3605170385647,42.71253348887847,2.473592927479097,0.9149581331975692,18,616
Reliance,BiLSTM,1,16,24.21042365532417,985.5889253674392,31.39409061220661,1.8921755475431667,0.9540571497079396,13,616
Reliance,BiLSTM,1,17,20.067650733056006,689.4439313631844,26.257264354139874,1.5754991728031642,0.9678618351849079,16,616
Reliance,BiLSTM,1,18,19.939286368233816,681.3789633386648,26.103236644881125,1.5669024552168942,0.968237780580624,20,616
Reliance,LSTM,2,16,31.31613094670986,1592.6339201694702,39.907817782603324,2.3985081191685955,0.9257336163484851,21,615
Reliance,LSTM,2,17,21.54836207444106,782.5261021526122,27.973668013912874,1.703334790817405,0.9635098920198771,14,615
Reliance,LSTM,2,18,27.32570374031377,1158.7116017940994,34.03985314001956,2.215812451336403,0.9459679218993746,13,615
Reliance,BiLSTM,2,16,23.50153778820503,914.2855337710461,30.23715485575728,1.8336130311938463,0.9573657955176257,19,615
Reliance,BiLSTM,2,17,23.945855762512704,952.9312263505851,30.869584162255656,1.8609850355010598,0.9555637016432939,17,615
Reliance,BiLSTM,2,18,20.877194883765245,741.235207358669,27.225635113963254,1.6462337094700061,0.9654353347693038,16,615
Reliance,LSTM,3,16,24.480494595505906,1010.0991269036012,31.78205668146102,1.9694632900566864,0.9528834129998309,11,614
Reliance,LSTM,3,17,25.937945735571052,1110.1929649226488,33.319558294230866,2.017836834899007,0.9482144850683097,19,614
Reliance,LSTM,3,18,39.3425490786276,2657.3815753446156,51.54979704465009,2.955733886915683,0.876045086217246,21,614
Reliance,BiLSTM,3,16,23.769897659749084,939.6583094983832,30.653846569368472,1.8563524777549283,0.956169160718285,12,614
Reliance,BiLSTM,3,17,30.144989610106627,1492.2759136333152,38.629987233149784,2.3119019415936837,0.9303920317914788,13,614
Reliance,BiLSTM,3,18,24.541728762151365,1000.7398338810654,31.634472239648087,1.9109740030398812,0.9533199819782718,17,614
Reliance,LSTM,5,16,30.318021188374438,1492.9250361005065,38.638388114678214,2.341255633411513,0.9303306013569552,11,612
Reliance,LSTM,5,17,31.9752256106707,1714.7672584116447,41.4097483500159,2.4505663536261215,0.9199780291592088,24,612
Reliance,LSTM,5,18,50.75040879592397,4644.145936629881,68.14797089150844,3.766080486896191,0.783274547085992,14,612
Reliance,BiLSTM,5,16,49.760915918287886,3653.4231804971478,60.443553671976865,3.795259515155172,0.8295079861219093,11,612
Reliance,BiLSTM,5,17,31.100423875197865,1657.2191935876945,40.70895716654621,2.3773712368078006,0.9226635886966306,11,612
Reliance,BiLSTM,5,18,40.41667344835069,2556.303293083642,50.55989807232252,3.0751646821226357,0.8807065935182141,30,612
Reliance,LSTM,10,16,91.44271564012304,11483.72067126142,107.1621233051185,6.93135505196402,0.46274332104403804,11,607
Reliance,LSTM,10,17,67.39748687995521,6690.5574726123095,81.79582796580954,5.099965810437328,0.6869876243946602,19,607
Reliance,LSTM,10,18,81.14438534882748,9864.236224834269,99.31886137503928,6.091224577770896,0.5385096044826192,14,607
Reliance,BiLSTM,10,16,55.111382925922825,5223.917955895643,72.2766764308905,4.10036708185749,0.755603180148179,11,607
Reliance,BiLSTM,10,17,75.51974452111435,8536.84943564276,92.39507257231178,5.6725486535603356,0.6006103328498402,12,607
Reliance,BiLSTM,10,18,69.25830007738493,6867.833483574669,82.87239277090211,5.257160179212841,0.6786939081301617,12,607
Reliance,LSTM,15,16,60.29568694358648,5251.430720274779,72.46675596626896,4.590054513554108,0.754066609767865,25,602
Reliance,LSTM,15,17,87.77940728577269,11165.078582084301,105.6649354425786,6.604520516742643,0.4771204697990352,12,602
Reliance,LSTM,15,18,92.13861367868823,12556.85004521431,112.05735158932818,6.9034899446331535,0.41194145619529243,14,602
Reliance,BiLSTM,15,16,45.79973138448012,3443.967493991884,58.68532605338309,3.4480345836088313,0.8387131723214706,25,602
Reliance,BiLSTM,15,17,68.40111868722099,7399.880225864626,86.02255649458824,5.117890836836485,0.6534510825340566,13,602
Reliance,BiLSTM,15,18,58.139582130204005,5100.873788882901,71.42040176926268,4.387549001125808,0.7611174457271394,22,602
Reliance,LSTM,20,16,67.19030966191636,5971.468009555647,77.27527424445447,5.142041215806622,0.7202851797565467,43,597
Reliance,LSTM,20,17,59.32372177865238,5573.911870147958,74.65863560331087,4.458898672917421,0.7389074588834139,17,597
Reliance,LSTM,20,18,125.42698549305774,21780.428693915437,147.58193891501574,9.43547700385786,-0.020236345098875175,11,597
Reliance,BiLSTM,20,16,60.66235504917164,5108.296034753654,71.47234454496126,4.638149930615292,0.7607177824908437,22,597
Reliance,BiLSTM,20,17,52.68588435749712,4644.523389604043,68.1507401985044,3.9235731504273326,0.7824417675920394,30,597
Reliance,BiLSTM,20,18,66.06805971998665,6613.280850546225,81.3220809531226,4.97316403047401,0.6902214562030853,14,597
Reliance,LSTM,30,16,74.01769312480036,7049.4925661959405,83.96125634002829,5.701536970252482,0.6726698411792318,26,587
Reliance,LSTM,30,17,62.74557562702965,6447.78604520877,80.2981073575758,4.67997809948867,0.700608971439852,12,587
Reliance,LSTM,30,18,108.91548450476469,16152.713475448525,127.0933258493479,8.221925526786364,0.24997860233817426,13,587
Reliance,BiLSTM,30,16,125.44789864379258,20417.188988287187,142.88872939559366,9.530156598723604,0.05196556327229873,11,587
Reliance,BiLSTM,30,17,67.54717081775048,6558.1071160919455,80.98214072307515,5.094514071538393,0.6954864164028227,29,587
Reliance,BiLSTM,30,18,121.52737317580787,20025.04510223847,141.5098763416832,9.173588317396902,0.0701740398818691,11,587
Infosys,LSTM,1,16,25.443428733132098,1128.8462753536828,33.59830762633265,1.80645430677953,0.9706275736773057,16,616
Infosys,LSTM,1,17,23.746501972148938,1023.2515386468302,31.988303153603354,1.6809949145209786,0.9733751343431851,49,616
Infosys,LSTM,1,18,23.90373309246905,1032.6573095587985,32.134985756318585,1.6954706507785264,0.9731303974652312,26,616
Infosys,BiLSTM,1,16,25.268438364004158,1141.5450740915464,33.78675885745104,1.7692626296556946,0.9702971526638707,22,616
Infosys,BiLSTM,1,17,23.129981895545853,995.2922942348595,31.548253426059254,1.6384171821995246,0.9741026300744099,25,616
Infosys,BiLSTM,1,18,24.279114958527796,1076.9260232945924,32.8165510572728,1.6916940578668074,0.9719785315637403,19,616
Infosys,LSTM,2,16,26.699036537728652,1306.130550555291,36.14042820105056,1.8699265343635303,0.9660529212470991,40,615
Infosys,LSTM,2,17,26.587671096925806,1253.7208609145343,35.407920878167,1.8813392523561394,0.967415079004525,22,615
Infosys,LSTM,2,18,34.565939206999495,2106.3599913038133,45.895097682691706,2.332725586411878,0.9452545011856964,15,615
Infosys,BiLSTM,2,16,27.36931668413364,1340.4512291903657,36.6121732377411,1.895117418004402,0.9651609072137526,16,615
Infosys,BiLSTM,2,17,24.975528971354162,1147.9396692319854,33.881258377338725,1.7552108279511442,0.9701643925728329,42,615
Infosys,BiLSTM,2,18,26.35338918794461,1217.3023915454862,34.889860870251205,1.86338042903248,0.968361615816795,13,615
Infosys,LSTM,3,16,30.38341569434548,1625.1966679968932,40.31372803396993,2.1245550099042108,0.9578106580640939,13,614
Infosys,LSTM,3,17,28.995189356104948,1465.5269931932175,38.282202042113745,2.045103488438204,0.9619556078044783,26,614
Infosys,LSTM,3,18,30.35774295570796,1623.265046914669,40.289763549997026,2.127103938659326,0.957860802039856,37,614
Infosys,BiLSTM,3,16,29.237981442131513,1520.7015812662503,38.99617393112112,2.0334292395105535,0.9605233014207499,39,614
Infosys,BiLSTM,3,17,27.520980785258043,1341.690907307357,36.62909918776815,1.9287179460724482,0.9651703344122323,22,614
Infosys,BiLSTM,3,18,27.002585743459893,1305.7755405676187,36.13551633182538,1.8937335327292697,0.9661026804586981,36,614
Infosys,LSTM,5,16,33.3564610699423,1860.437074366762,43.132784217654695,2.358707952919446,0.95181602828852,11,612
Infosys,LSTM,5,17,32.73585320765676,1804.9088552540375,42.484218896597795,2.3127009402114007,0.9532541689146022,22,612
Infosys,LSTM,5,18,40.711910272735395,2804.3266267867307,52.95589322055413,2.8183992493355596,0.9273699730474174,25,612
Infosys,BiLSTM,5,16,38.3676245196972,2511.8203856760233,50.11806446458226,2.5986076618638605,0.9349456726726825,12,612
Infosys,BiLSTM,5,17,36.30786252489277,2351.3008958395885,48.49021443383797,2.465234240798799,0.9391030111088952,29,612
Infosys,BiLSTM,5,18,31.44237463458691,1729.731661281579,41.59004281413496,2.176448426840875,0.955201203747237,42,612
Infosys,LSTM,10,16,25.96681939868204,1184.118450757895,34.411022227738236,1.8362607834880036,0.9694935582956037,79,607
Infosys,LSTM,10,17,30.54068963492329,1640.263957879222,40.50017231912998,2.1111838187978487,0.9577418823439179,56,607
Infosys,LSTM,10,18,61.62392932068575,6252.438508007387,79.07236247898116,4.238490436417575,0.8389184369749774,14,607
Infosys,BiLSTM,10,16,37.855367393430804,2371.46735078499,48.69771402011587,2.6651150772183043,0.9389038905319843,20,607
Infosys,BiLSTM,10,17,42.650353420703766,3120.270935700473,55.85938538598928,2.9200825894597453,0.9196124650021766,24,607
Infosys,BiLSTM,10,18,28.661561365771725,1447.721554274491,38.04893630936995,1.9905238166207768,0.9627023519721316,56,607
Infosys,LSTM,15,16,33.17471141118148,1812.446963850941,42.572843032277525,2.316491508840207,0.9535412104864485,37,602
Infosys,LSTM,15,17,33.82504789536181,1914.7888224912788,43.75830004114967,2.379707242298089,0.9509178626236813,58,602
Infosys,LSTM,15,18,26.33471416080512,1245.1765650850639,35.287059456478715,1.8564946492243495,0.968082157934387,72,602
Infosys,BiLSTM,15,16,29.898955589117005,1483.2776007876787,38.51334315257088,2.122033186102062,0.9619788698816635,34,602
Infosys,BiLSTM,15,17,32.587485684112856,1795.350180894062,42.37157279231044,2.2782754062473978,0.9539794554980789,34,602
Infosys,BiLSTM,15,18,27.28321589980014,1300.2037819516763,36.05833859111754,1.9208261442114245,0.9666716350683878,46,602
Infosys,LSTM,20,16,30.093565769930382,1488.485547708681,38.58089614963189,2.127661771428796,0.962077171714768,42,597
Infosys,LSTM,20,17,30.571509279797425,1653.9490466183004,40.66877237658275,2.1034345760534743,0.9578615823418767,74,597
Infosys,LSTM,20,18,48.919184341302866,4094.7686553375556,63.990379396730845,3.26633419340435,0.8956757028490089,19,597
Infosys,BiLSTM,20,16,33.200314929137875,1817.623543230308,42.63359641445122,2.367208228607821,0.9536915722001968,22,597
Infosys,BiLSTM,20,17,34.2329684310223,2000.9402381487478,44.73187049686999,2.3577857697364304,0.949021128772708,44,597
Infosys,BiLSTM,20,18,29.631223950154418,1495.4870308363304,38.67152739207918,2.065864258656577,0.9618987917212233,37,597
Infosys,LSTM,30,16,26.871035938165456,1292.6420130102654,35.953331041925246,1.8838037129579661,0.9675967165979763,63,587
Infosys,LSTM,30,17,29.94688964011925,1569.102255145827,39.61189537431688,2.0863553822212237,0.9606665538111046,53,587
Infosys,LSTM,30,18,82.93659123123403,11826.425764818665,108.74937133068248,5.371449406302864,0.7035412574917054,17,587
Infosys,BiLSTM,30,16,27.63286136971625,1311.645688205373,36.21664932327911,1.9492213062201118,0.9671203422678607,60,587
Infosys,BiLSTM,30,17,36.210823332024596,2182.8599323212743,46.72108659182997,2.539952207230461,0.9452811928577114,33,587
Infosys,BiLSTM,30,18,30.38344780631122,1589.4907695832558,39.86841819765685,2.119494468766238,0.9601554650449862,36,587
HDFC Bank,LSTM,1,16,10.54057807426947,203.32938642248288,14.259361360961538,1.3912752710483265,0.9334153868641646,30,616
HDFC Bank,LSTM,1,17,10.304912022181913,199.1502470071487,14.11206033884311,1.3620498345844936,0.9347839366154167,29,616
HDFC Bank,LSTM,1,18,11.192080311960972,218.18508918843992,14.771089641202504,1.4617245922752347,0.9285505651139189,23,616
HDFC Bank,BiLSTM,1,16,12.237448456999525,251.09243316467567,15.845896414045994,1.5870139260378189,0.9177743423232163,39,616
HDFC Bank,BiLSTM,1,17,10.955978690803809,210.93241670665392,14.523512547130393,1.4328146698600823,0.9309256098622329,20,616
HDFC Bank,BiLSTM,1,18,10.35354980865081,196.1033970879739,14.003692266255136,1.364726515191079,0.9357816936377572,19,616
HDFC Bank,LSTM,2,16,11.692899378334593,247.90812206512385,15.745098350443032,1.5367062825749505,0.9183336762135254,22,615
HDFC Bank,LSTM,2,17,11.670128402089675,247.89117643931868,15.74456021739949,1.5388612056475526,0.9183392584709853,32,615
HDFC Bank,LSTM,2,18,13.183287978753796,297.22931817478576,17.2403398509074,1.7161336231175577,0.9020862021998673,17,615
HDFC Bank,BiLSTM,2,16,13.442303814151405,297.8084849108034,17.257128524491073,1.7458338811209777,0.9018954120886118,20,615
HDFC Bank,BiLSTM,2,17,11.816071102483471,243.9574873317724,15.619138495185078,1.5419575398760215,0.9196351011632542,35,615
HDFC Bank,BiLSTM,2,18,11.560244081078494,236.3459229145649,15.373546204912024,1.5190822128866424,0.9221425159225576,16,615
HDFC Bank,LSTM,3,16,13.13219807280002,305.6830475742132,17.483793855288194,1.7281816014933271,0.8987053064424857,13,614
HDFC Bank,LSTM,3,17,12.772898820013475,294.9017243450534,17.17270288408477,1.6820471246381112,0.9022779312292009,23,614
HDFC Bank,LSTM,3,18,18.36831108366626,528.1081924727206,22.980604702068234,2.3654192779947616,0.8249999208453008,17,614
HDFC Bank,BiLSTM,3,16,13.286868912389288,303.3946019805633,17.41822614334087,1.7248369999312365,0.8994636324176137,41,614
HDFC Bank,BiLSTM,3,17,18.637826130522175,520.4015959494338,22.81231237620233,2.4014079938669717,0.8275536683932678,17,614
HDFC Bank,BiLSTM,3,18,12.311322240177102,265.6931441388898,16.300096445692883,1.6152503553474244,0.9119568264270614,27,614
HDFC Bank,LSTM,5,16,19.080746719260603,576.1712298212939,24.003567022867536,2.4631198569639685,0.8069033543508846,16,612
HDFC Bank,LSTM,5,17,17.69482481713387,505.33169636581897,22.479583990052372,2.293308305999415,0.8306443458853685,14,612
HDFC Bank,LSTM,5,18,32.19857857897389,1429.5407481813736,37.80926801964531,4.116891778803258,0.5209071383550914,14,612
HDFC Bank,BiLSTM,5,16,17.234481113408886,475.9401438689714,21.816052435511136,2.2298465034684134,0.8404945603768512,12,612
HDFC Bank,BiLSTM,5,17,15.646958394767394,417.52953254702265,20.433539403319795,2.0131362968307713,0.8600701527230377,50,612
HDFC Bank,BiLSTM,5,18,15.216792786043436,397.4540774781991,19.93625033646496,1.9741621607148885,0.8667981926407401,11,612
HDFC Bank,LSTM,10,16,27.753831137542456,1083.7270723535821,32.9200102119301,3.567759306730883,0.6289072882751234,25,607
HDFC Bank,LSTM,10,17,36.39429987949828,1723.3941562920606,41.51378272684941,4.685124280379161,0.4098707809888804,17,607
HDFC Bank,LSTM,10,18,46.08498094737822,2771.0182817368823,52.64046240048507,5.8811427935503,0.05114053654142914,13,607
HDFC Bank,BiLSTM,10,16,23.919111324102897,842.0898514451533,29.018784458435768,3.070265262825523,0.7116493493051498,24,607
HDFC Bank,BiLSTM,10,17,19.207929582925743,599.9046598468976,24.49295122778996,2.458545978019451,0.7945790479188641,35,607
HDFC Bank,BiLSTM,10,18,12.421561679494438,288.55603296302354,16.98693712718757,1.639072992671717,0.9011918743302516,54,607
HDFC Bank,LSTM,15,16,45.185667525890246,2701.2718357863587,51.9737610317587,5.7569485615846165,0.04337939160868931,11,602
HDFC Bank,LSTM,15,17,16.592010092497652,483.2095709794759,21.982028363630956,2.162531852428857,0.8288775577314946,21,602
HDFC Bank,LSTM,15,18,25.160988031431668,885.9998480943929,29.765749580589986,3.241956354548407,0.686234571993035,33,602
HDFC Bank,BiLSTM,15,16,14.648706379126857,357.5373641886925,18.908658444974158,1.9168543873146795,0.8733827501839533,32,602
HDFC Bank,BiLSTM,15,17,14.513437366168743,353.45918974596503,18.80051035865689,1.8866494434145251,0.8748269831059583,34,602
HDFC Bank,BiLSTM,15,18,12.077030625454206,262.10023015273396,16.189509879941824,1.5868331637272588,0.9071805812704439,42,602
HDFC Bank,LSTM,20,16,15.151197679478102,386.03698581679214,19.647823946096224,1.9759687903365888,0.8598584075816376,30,597
HDFC Bank,LSTM,20,17,16.76983489223459,457.07074058608663,21.379212814930455,2.1811957462471376,0.8340712838744061,31,597
HDFC Bank,LSTM,20,18,32.4396325499568,1501.076850669572,38.74373305025694,4.13498637825125,0.4550695712482593,19,597
HDFC Bank,BiLSTM,20,16,17.533029016338183,497.134656683402,22.29651669394576,2.2659305463670685,0.8195270272184958,25,597
HDFC Bank,BiLSTM,20,17,13.619595577169687,317.39126557904154,17.815478258498747,1.76549430568441,0.8847786118632796,69,597
HDFC Bank,BiLSTM,20,18,13.959076490034798,329.4215379061245,18.149973496017136,1.81912375528009,0.8804113061825123,29,597
HDFC Bank,LSTM,30,16,16.891351495122162,474.5391186560722,21.783918808517264,2.1825314557448827,0.8235332328823504,25,587
HDFC Bank,LSTM,30,17,21.47383026694925,746.2870765147587,27.318255370992468,2.7632267731063065,0.7224783741597309,19,587
HDFC Bank,LSTM,30,18,42.169985301652986,2163.138406752421,46.50955177974112,5.4265130839263875,0.1955941534415826,23,587
HDFC Bank,BiLSTM,30,16,14.626044252255904,376.54783198390356,19.40484042665395,1.9125556085407467,0.8599732330528509,36,587
HDFC Bank,BiLSTM,30,17,17.411428006381744,519.0606168801656,22.78290185380619,2.24903918878843,0.8069770322447922,18,587
HDFC Bank,BiLSTM,30,18,15.44197584213958,410.7994956326187,20.268189253917544,2.0128692622673046,0.8472360737442407,33,587
Maruti,LSTM,1,16,167.29727371017654,53783.934970833645,231.91363687983863,1.5900841508077042,0.9768730801413391,21,616
Maruti,LSTM,1,17,415.4714537781554,306122.2318584435,553.2831389609153,3.7383188316253255,0.8683684202916013,41,616
Maruti,LSTM,1,18,496.4660834770698,436685.3393797008,660.8217152755354,4.44752417680433,0.8122267020298326,42,616
Maruti,BiLSTM,1,16,305.0495074383624,166591.0442712481,408.15566181451914,2.7792473842098224,0.928366384272161,25,616
Maruti,BiLSTM,1,17,431.43939684582995,337523.61100659706,580.96782269468,3.8644876654666196,0.8548659277832977,37,616
Maruti,BiLSTM,1,18,301.5646251331676,167674.7581659807,409.48108401485496,2.7346388136646227,0.9279003907667251,38,616
Maruti,LSTM,2,16,249.39754430259146,111995.5562296631,334.65737139597434,2.3256131777869182,0.9517883233951095,17,615
Maruti,LSTM,2,17,206.31184657647358,81052.97875306083,284.6980483829505,1.9359878561819521,0.9651084370571603,22,615
Maruti,LSTM,2,18,495.5663197090955,428593.6490938136,654.6706416923043,4.460986941545156,0.8154996581949382,21,615
Maruti,BiLSTM,2,16,300.3431989964431,160403.08558669672,400.50354004265273,2.7504588112644814,0.9309499238266727,34,615
Maruti,BiLSTM,2,17,476.8526256034045,399191.34802534094,631.815913083345,4.284253580690475,0.8281567160128928,37,615
Maruti,BiLSTM,2,18,357.18324996824185,208633.5937300213,456.7642649442065,3.2912237349833133,0.910187728080913,11,615
Maruti,LSTM,3,16,442.66263105659607,340822.2382483335,583.799827208208,4.008390479116849,0.8531329079692174,21,614
Maruti,LSTM,3,17,244.98199323722517,115659.35490066493,340.0872754171566,2.271734048977873,0.9501600799064057,16,614
Maruti,LSTM,3,18,574.8063567220582,565657.7754376133,752.1022373571383,5.171643153498327,0.7562467960127893,21,614
Maruti,BiLSTM,3,16,308.97018860062093,176828.30116293134,420.5095732119916,2.8138736852927044,0.9238011624064846,25,614
Maruti,BiLSTM,3,17,575.6516924432512,644750.2373550005,802.9634097236315,5.077285010326378,0.7221642785601041,85,614
Maruti,BiLSTM,3,18,318.3631166340086,192916.64119270298,439.2227694379049,2.8708271780028634,0.9168683761894849,58,614
Maruti,LSTM,5,16,406.66118706597223,296865.8299211061,544.8539528360844,3.6889263448454677,0.8718347248951961,21,612
Maruti,LSTM,5,17,334.82600432751224,198367.97164437507,445.3851946847527,3.0659533068002363,0.9143590029726903,51,612
Maruti,LSTM,5,18,789.1090710209866,1018073.7939346448,1008.9964290990553,7.116910718935728,0.5604690916724855,21,612
Maruti,BiLSTM,5,16,417.3290608723958,292664.74151205743,540.9849734623481,3.8102240057421217,0.8736484521666319,27,612
Maruti,BiLSTM,5,17,371.3449523526859,269930.43918275327,519.5483030313478,3.318966194783172,0.8834634858238413,42,612
Maruti,BiLSTM,5,18,456.9359338299122,361060.5281964373,600.8831235743248,4.138267004220431,0.8441200796397478,12,612
Maruti,LSTM,10,16,477.116110385348,356449.5946633643,597.0339979124843,4.3667279109418855,0.8453636205399329,50,607
Maruti,LSTM,10,17,862.7141213833402,1168456.4393521126,1080.9516359912282,7.8205975941673,0.49309558478007465,12,607
Maruti,LSTM,10,18,547.2225476536759,453071.42654146394,673.1058063495396,5.038596736736599,0.803446753521079,29,607
Maruti,BiLSTM,10,16,273.8278627599876,136056.3096783652,368.8581159177133,2.5229970626461538,0.9409755111343868,52,607
Maruti,BiLSTM,10,17,496.0405522806837,438709.22596856987,662.3512859265617,4.42815649805097,0.8096774204398312,100,607
Maruti,BiLSTM,10,18,503.0339962803748,454596.4915756629,674.237711475458,4.4833564763631575,0.8027851437483077,95,607
Maruti,LSTM,15,16,435.96309096631023,323285.9800940752,568.5824303424045,3.9795610978182094,0.8594079635488234,19,602
Maruti,LSTM,15,17,432.8656261355378,308159.9673644471,555.1215789036191,3.9731064473317903,0.865986030845234,24,602
Maruti,LSTM,15,18,639.1718717556063,698868.049006577,835.983282731525,5.738534615167467,0.6960731727620748,17,602
Maruti,BiLSTM,15,16,341.56666742369185,183426.75558550493,428.2834990815137,3.1888263941557318,0.92023056149885,41,602
Maruti,BiLSTM,15,17,568.1030184216673,565815.0849775915,752.2068099782077,5.067199365720882,0.7539358340604607,100,602
Maruti,BiLSTM,15,18,245.5358221618044,109617.73722038117,331.08569467795064,2.2896618934727506,0.9523289537563656,30,602
Maruti,LSTM,20,16,596.9747034325272,547164.0195906243,739.705359985058,5.464654585992596,0.7613560746607575,18,597
Maruti,LSTM,20,17,304.2549204355109,167045.15190404066,408.7115754465986,2.8062223387165424,0.9271437643339636,31,597
Maruti,LSTM,20,18,566.1401219967023,565592.0860222424,752.0585655534032,5.077860063006089,0.7533187294549379,16,597
Maruti,BiLSTM,20,16,418.93927646042715,286016.7077298476,534.805298898438,3.837720849162798,0.875254681591956,25,597
Maruti,BiLSTM,20,17,525.6920679242567,485132.2234386563,696.5143382864823,4.6922044014400335,0.7884110541541551,66,597
Maruti,BiLSTM,20,18,826.1020123403475,1403691.185931309,1184.7747405862892,7.194175662556641,0.3877843524408454,100,597
Maruti,LSTM,30,16,492.69072748083477,356860.0283896456,597.3776262881341,4.569341744034528,0.8442805372213398,26,587
Maruti,LSTM,30,17,283.58036593643527,131569.45692390803,362.72504314412595,2.652071397114675,0.9425883441114877,60,587
Maruti,LSTM,30,18,739.3137186235626,940900.5787136368,970.0002983059525,6.5919105754384315,0.5894285686559417,14,587
Maruti,BiLSTM,30,16,248.35903727906728,114959.21889664976,339.05636536813427,2.301521630662927,0.9498363885447695,30,587
Maruti,BiLSTM,30,17,1213.9194219482006,2394109.9784634355,1547.291174428212,10.825525810767846,-0.04469396968240913,100,587
Maruti,BiLSTM,30,18,432.8183127928024,298859.24643212487,546.6802049023953,3.955945316992803,0.869589761815431,39,587
Sun Pharma,LSTM,1,16,77.34728825556768,13170.491839056072,114.76276329479032,5.067431580375645,0.8795844815588316,65,616
Sun Pharma,LSTM,1,17,148.19591215059356,47350.56733920101,217.60185509135948,9.671703074987184,0.5670819902317339,43,616
Sun Pharma,LSTM,1,18,121.60116478065392,32193.19246081599,179.42461498026404,7.913990436874944,0.7056632350699437,27,616
Sun Pharma,BiLSTM,1,16,69.33230580912007,10944.404725085442,104.61550900839435,4.511268053243062,0.899937209247336,40,616
Sun Pharma,BiLSTM,1,17,62.34018954983005,7419.038786495951,86.13384228336706,4.251129317835006,0.9321690174726934,12,616
Sun Pharma,BiLSTM,1,18,76.48709195620054,13218.137163734662,114.97015770944503,4.971300346219948,0.8791488686339249,37,616
Sun Pharma,LSTM,2,16,76.2461952767721,13215.676459171018,114.95945571883601,4.968383113599295,0.8790115468378485,35,615
Sun Pharma,LSTM,2,17,30.869448281885163,1622.379322847736,40.278770125808656,2.321025920927801,0.9851472480186672,12,615
Sun Pharma,LSTM,2,18,158.56907224577617,55072.726018413065,234.67578916115966,10.263622476081213,0.4958136306547616,61,615
Sun Pharma,BiLSTM,2,16,29.336941354643038,1829.847916481705,42.77672166589797,2.060356703838695,0.9832478897602345,15,615
Sun Pharma,BiLSTM,2,17,66.8884872808689,9774.706215870792,98.86711392506,4.423444398029981,0.910513352167305,22,615
Sun Pharma,BiLSTM,2,18,98.27860901375126,21244.384695610093,145.75453576342005,6.401989847654541,0.8055093698272348,56,615
Sun Pharma,LSTM,3,16,67.19771334868689,10342.10370135112,101.6961341514569,4.3984006337949175,0.9051923325593562,17,614
Sun Pharma,LSTM,3,17,169.03974621303695,64002.928294124584,252.98800029670298,10.88268678737617,0.4132752372088475,74,614
Sun Pharma,LSTM,3,18,128.89421861878435,36450.905813436984,190.92120315312542,8.368334164821553,0.6658488972781151,30,614
Sun Pharma,BiLSTM,3,16,104.21096364372328,23193.750792592746,152.294946707344,6.8232117594457815,0.7873792919367048,38,614
Sun Pharma,BiLSTM,3,17,93.08525945309319,20164.546507254698,142.00192430828076,5.989296208226339,0.8151484770838797,27,614
Sun Pharma,BiLSTM,3,18,100.24917185034737,23115.134537785863,152.03662235720006,6.449637633035627,0.7880999793283991,56,614
Sun Pharma,LSTM,5,16,120.26096528495839,29932.078945620346,173.0088984579127,7.933283910733886,0.7249126547390647,21,612
Sun Pharma,LSTM,5,17,136.36392630782782,40379.661704461665,200.94691265222679,8.854358540341007,0.6288953413160657,34,612
Sun Pharma,LSTM,5,18,153.30932397780074,49669.528117048016,222.86661507962114,10.01191192632882,0.5435178874509365,27,612
Sun Pharma,BiLSTM,5,16,160.9246357437832,52871.9972518994,229.9391164023629,10.564655953278844,0.5140859614498441,73,612
Sun Pharma,BiLSTM,5,17,159.79702170378243,55079.95462150071,234.6911899102749,10.353731786722829,0.49379398198672664,54,612
Sun Pharma,BiLSTM,5,18,105.27000876034008,25038.37542206536,158.23519021401452,6.781835054400707,0.7698876767959875,49,612
Sun Pharma,LSTM,10,16,112.66430593675993,23590.396623085093,153.5916554474399,7.582598039258704,0.7820158677328217,37,607
Sun Pharma,LSTM,10,17,116.89994266516294,24859.8690712044,157.6701273900811,7.95855233154712,0.7702854651261279,31,607
Sun Pharma,LSTM,10,18,268.1811366576143,125109.74782636293,353.70856340547215,18.357103536854407,-0.15606109782009536,11,607
Sun Pharma,BiLSTM,10,16,161.32970316602527,52045.20530839169,228.1341826828932,10.66705296369927,0.51908273951126,11,607
Sun Pharma,BiLSTM,10,17,140.73502677904912,40192.302206442066,200.48017908621807,9.28692906746959,0.6286080195990493,20,607
Sun Pharma,BiLSTM,10,18,101.18286384192879,20262.38055365747,142.34598889205648,6.7560559425152436,0.8127679871929706,23,607
Sun Pharma,LSTM,15,16,167.6777416748858,59747.68265364723,244.43339103659144,10.877124260132092,0.4454526356280808,11,602
Sun Pharma,LSTM,15,17,91.73568624198634,15257.70560863835,123.52208550958954,6.251594463402404,0.8583857974763387,27,602
Sun Pharma,LSTM,15,18,255.08349447155317,119301.67457883092,345.400744901963,17.163834270002422,-0.10729699068602305,11,602
Sun Pharma,BiLSTM,15,16,81.07628167744886,12839.434057915534,113.31122653080556,5.420560349751356,0.8808309544301719,42,602
Sun Pharma,BiLSTM,15,17,140.4984426910299,39811.267110008215,199.5276098939899,9.253179775769329,0.6304922255120493,37,602
Sun Pharma,BiLSTM,15,18,107.48110911220411,22560.59082914759,150.20183364109639,7.152817816557287,0.7906041602399558,28,602
Sun Pharma,LSTM,20,16,81.67610513505025,12545.579191625018,112.00704974074185,5.5163439039788065,0.882989116475311,25,597
Sun Pharma,LSTM,20,17,89.3602594474652,16843.145050221734,129.7811428914915,5.882212352500911,0.8429063135660892,20,597
Sun Pharma,LSTM,20,18,160.3183027360108,42987.43451885739,207.33411325408414,11.085580193060713,0.5990621384089574,43,597
Sun Pharma,BiLSTM,20,16,76.60511286494321,11948.969280500938,109.31134104245972,5.070015243496783,0.8885536146745506,32,597
Sun Pharma,BiLSTM,20,17,121.43714268363301,30398.215453861292,174.35084012949662,7.933714546447512,0.7164800450022556,60,597
Sun Pharma,BiLSTM,20,18,158.901899123711,50204.32526047384,224.06321710730174,10.486340234627315,0.5317511957191678,12,597
Sun Pharma,LSTM,30,16,192.61635130796157,74149.9653361182,272.3049124347892,12.585881835618576,0.3044272053340956,11,587
Sun Pharma,LSTM,30,17,108.83189410286015,23324.532233648413,152.7237120870509,7.198924411250092,0.7812013802502591,20,587
Sun Pharma,LSTM,30,18,259.9428188967339,121424.12763758843,348.4596499418382,17.45222270774109,-0.1390338406484326,11,587
Sun Pharma,BiLSTM,30,16,113.27587557895016,23287.634267621303,152.60286454592293,7.63813332308738,0.7815475061213991,37,587
Sun Pharma,BiLSTM,30,17,108.41052277287186,24740.100665889102,157.2898619297795,7.043098371218889,0.7679224679002505,34,587
Sun Pharma,BiLSTM,30,18,60.96985830277763,7824.879196800793,88.45834724208221,4.00429916881592,0.9265977662137804,49,587
